<?xml version="1.0" encoding="utf-8"?>
<wcs_info>
  <version_number>1</version_number>
  <wcs index="1">
    <transformed>false</transformed>
  </wcs>
  <wcs index="2">
    <transformed>false</transformed>
  </wcs>
  <wcs index="3">
    <transformed>false</transformed>
  </wcs>
  <wcs index="4">
    <transformed>false</transformed>
  </wcs>
  <wcs index="5">
    <transformed>false</transformed>
  </wcs>
  <wcs index="6">
    <transformed>false</transformed>
  </wcs>
  <wcs index="7">
    <transformed>false</transformed>
  </wcs>
  <wcs index="8">
    <transformed>false</transformed>
  </wcs>
  <wcs index="9">
    <transformed>false</transformed>
  </wcs>
  <wcs index="10">
    <transformed>false</transformed>
  </wcs>
  <wcs index="11">
    <transformed>false</transformed>
  </wcs>
  <wcs index="12">
    <transformed>false</transformed>
  </wcs>
  <wcs index="13">
    <transformed>false</transformed>
  </wcs>
  <wcs index="14">
    <transformed>false</transformed>
  </wcs>
  <wcs index="15">
    <transformed>false</transformed>
  </wcs>
  <wcs index="16">
    <transformed>false</transformed>
  </wcs>
  <wcs index="17">
    <transformed>false</transformed>
  </wcs>
  <wcs index="18">
    <transformed>false</transformed>
  </wcs>
</wcs_info>
